frame,warmup,cpu_submission_ms,present_return_ms,frame_ms,gpu_ms,successful_present
0,1,2.6003,6.6035,9.7479,0.001024,1
1,1,0.3896,1.045,1.5528,0.002048,1
2,1,0.4141,0.5042,0.9475,0.001024,1
3,1,0.4605,0.2335,0.7153,0.001024,1
4,1,0.3821,0.2556,0.659,0.001024,1
5,1,0.2802,0.2039,0.5005,0.001024,1
6,1,0.342,0.2304,0.5887,0.001024,1
7,1,0.2436,0.2267,0.4862,0.001024,1
8,0,0.3532,0.2305,1.5442,0.001024,1
9,0,0.2962,0.2171,0.5307,0.002048,1
10,0,0.3923,0.2258,0.6399,0.002048,1
11,0,0.2455,0.2104,0.4725,0.002048,1
12,0,0.4049,0.2131,0.6388,0.001024,1
13,0,0.2624,0.207,0.4851,0.001024,1
14,0,0.3849,0.2094,0.6151,0.001024,1
15,0,0.2808,0.2121,0.5083,0.002048,1
16,0,0.3713,0.2135,0.6045,0.002048,1
17,0,0.331,0.211,0.559,0.002048,1
18,0,0.422,0.2377,0.68,0.001024,1
19,0,0.407,0.2103,0.6384,0.001024,1
20,0,0.5541,0.2118,3.4883,0.031744,1
21,0,0.6152,0.2512,0.889,0.031744,1
22,0,0.5014,0.3179,0.8408,0.029696,1
23,0,0.4529,0.2152,0.6906,0.03072,1
24,0,0.4878,0.2693,0.7734,0.031744,1
25,0,0.4444,0.2801,0.992,0.03072,1
26,0,0.5232,0.2162,0.7624,0.031744,1
27,0,0.3759,0.2143,0.6065,0.03072,1
28,0,0.5668,0.2447,0.8271,0.031744,1
29,0,0.482,0.2087,0.7124,0.03072,1
30,0,0.3885,0.2186,0.6232,0.03072,1
31,0,0.5302,0.2368,0.7871,0.03072,1
32,0,0.4672,0.2206,0.7081,0.031744,1
33,0,0.4851,0.2299,0.7343,0.029696,1
34,0,0.5571,0.2591,0.9801,0.03072,1
35,0,0.4701,0.591,1.0832,0.029696,1
36,0,0.5575,0.298,11.5635,0.031744,1
37,0,0.4897,0.3089,13.8293,0.03072,1
38,0,0.6143,0.2598,7.0955,0.031744,1
39,0,0.6275,0.234,13.7007,0.03072,1
