iteration,count,prep_ms,record_ms,submit_ms,wait_ms,consume_ms,full_ms,gpu_upload_ms,gpu_eval_ms,gpu_local_prefix_ms,gpu_group_prefix_ms,gpu_scatter_ms,gpu_return_ms,validated,mismatch_words
-1,65344,0.7826,0.5876,1.2791,0.3746,0.0761,3.1,0.644576,0.036384,0.008192,0.002048,0.01024,0.082208,1,0
0,65344,0.8128,0.0637,0.0653,0.8669,0.0822,1.8909,0.645888,0.039168,0.008192,0.003072,0.009216,0.082944,0,0
1,65344,0.5639,0.0446,0.0477,0.8863,0.0754,1.6179,0.642432,0.039552,0.008192,0.002048,0.01024,0.082112,0,0
2,65344,0.4105,0.0354,0.039,0.8822,0.0966,1.4637,0.644032,0.038976,0.008192,0.002048,0.01024,0.082208,0,0
3,65344,0.345,0.0416,0.0458,0.89,0.0754,1.3978,0.640608,0.040352,0.007168,0.003072,0.009216,0.082848,0,0
4,65344,0.3982,0.035,0.0399,0.9016,0.0736,1.4483,0.653664,0.039584,0.008192,0.002048,0.01024,0.081952,0,0
5,65344,0.3481,0.0311,0.0366,0.8991,0.0742,1.3891,0.64976,0.039392,0.008192,0.003072,0.01024,0.082176,0,0
6,65344,0.3697,0.0295,0.0339,0.887,0.1093,1.4294,0.650496,0.03968,0.008192,0.002048,0.009216,0.08688,0,0
7,65344,0.5399,0.0404,0.0422,1.2164,0.076,1.9149,0.85552,0.03536,0.008192,0.002048,0.009216,0.083136,0,0
8,65344,0.3912,0.052,0.0503,0.906,0.0723,1.4718,0.652064,0.039136,0.008192,0.003072,0.009216,0.083104,0,0
9,65344,0.3478,0.0355,0.0388,0.9076,0.1024,1.4321,0.651424,0.039776,0.007168,0.003072,0.009216,0.08272,0,0
10,65344,0.4241,0.031,0.0333,0.9161,0.075,1.4795,0.672576,0.040128,0.007168,0.003072,0.009216,0.082496,0,0
11,65344,0.3942,0.0341,0.0355,0.9249,0.0766,1.4653,0.65712,0.0392,0.008192,0.002048,0.01024,0.082368,0,0
12,65344,0.4069,0.0338,0.0356,0.9161,0.0744,1.4668,0.649408,0.03872,0.008192,0.002048,0.01024,0.08176,0,0
13,65344,0.4052,0.0292,0.0343,0.9121,0.0781,1.4589,0.657568,0.038752,0.008192,0.002048,0.01024,0.082048,0,0
14,65344,0.3993,0.0281,0.0342,0.9147,0.0906,1.4669,0.669216,0.039392,0.008192,0.002048,0.01024,0.08208,0,0
15,65344,0.39,0.0285,0.0335,0.9339,0.0775,1.4634,0.67312,0.039584,0.008192,0.002048,0.01024,0.08176,0,0
16,65344,0.3838,0.0327,0.0361,0.9045,0.079,1.4361,0.647232,0.039872,0.008192,0.002048,0.01024,0.082624,0,0
17,65344,0.3821,0.0294,0.0343,0.9102,0.073,1.429,0.650272,0.03888,0.008192,0.002048,0.01024,0.081984,0,0
18,65344,0.3715,0.0279,0.0323,0.9168,0.0749,1.4234,0.66912,0.039488,0.008192,0.002048,0.01024,0.082176,0,0
19,65344,0.3681,0.029,0.0325,0.951,0.0713,1.4519,0.656832,0.039488,0.008192,0.003072,0.009216,0.089664,1,0
