swapchain,begin_qpc,native_end_qpc,wrapper_end_qpc,hresult,flags,successful_present,qpc_frequency
518,191340485755,191340555364,191340555531,0,512,1,10000000
518,191340570571,191340574755,191340574787,0,512,1,10000000
518,191340594753,191340597291,191340597326,0,512,1,10000000
518,191340608813,191340611229,191340611277,0,512,1,10000000
518,191344887794,191344891331,191344891394,0,512,1,10000000
518,191345573251,191345577128,191345577188,0,512,1,10000000
518,191346104024,191346108013,191346108088,0,512,1,10000000
518,191346650319,191346653544,191346653605,0,512,1,10000000
518,191347153843,191347157264,191347157304,0,512,1,10000000
518,191347672599,191347676422,191347676483,0,512,1,10000000
518,191348168875,191348171683,191348171752,0,512,1,10000000
518,191348705929,191348708101,191348708155,0,512,1,10000000
518,191349260902,191349263520,191349263685,0,512,1,10000000
518,191349872331,191349874467,191349874534,0,512,1,10000000
518,191350462341,191350465172,191350465237,0,512,1,10000000
518,191351037616,191351040707,191351040756,0,512,1,10000000
518,191351654233,191351656566,191351656609,0,512,1,10000000
518,191352244603,191352246937,191352246997,0,512,1,10000000
518,191352838547,191352841238,191352841295,0,512,1,10000000
518,191353461645,191353463737,191353463815,0,512,1,10000000
518,191354097226,191354099535,191354099590,0,512,1,10000000
518,191354691619,191354695182,191354695257,0,512,1,10000000
518,191355320570,191355323150,191355323210,0,512,1,10000000
518,191355930266,191355932295,191355932348,0,512,1,10000000
518,191356650794,191356653331,191356653383,0,512,1,10000000
518,191357431262,191357433190,191357433241,0,512,1,10000000
518,191358037080,191358039817,191358039881,0,512,1,10000000
518,191358644748,191358647709,191358647753,0,512,1,10000000
518,191359352472,191359354808,191359354877,0,512,1,10000000
518,191359999734,191360001988,191360002038,0,512,1,10000000
518,191360641425,191360643850,191360643907,0,512,1,10000000
518,191361254934,191361257115,191361257160,0,512,1,10000000
518,191361837410,191361841226,191361841275,0,512,1,10000000
518,191362446556,191362448257,191362448300,0,512,1,10000000
518,191363048927,191363051457,191363051515,0,512,1,10000000
518,191363655249,191363657415,191363657463,0,512,1,10000000
518,191364252866,191364255208,191364255260,0,512,1,10000000
518,191364883666,191364885625,191364885675,0,512,1,10000000
518,191365482625,191365484983,191365485034,0,512,1,10000000
518,191366101874,191366103902,191366103951,0,512,1,10000000
518,191366694234,191366696835,191366696878,0,512,1,10000000
518,191367300385,191367302556,191367302601,0,512,1,10000000
518,191367887196,191367889713,191367889779,0,512,1,10000000
518,191368500592,191368502988,191368503311,0,512,1,10000000
518,191369114779,191369116871,191369116927,0,512,1,10000000
518,191369783220,191369785179,191369785230,0,512,1,10000000
518,191370387850,191370390385,191370390438,0,512,1,10000000
518,191371048065,191371050196,191371050240,0,512,1,10000000
518,191371661176,191371663437,191371663492,0,512,1,10000000
518,191372302755,191372305422,191372305467,0,512,1,10000000
518,191372902560,191372904980,191372905034,0,512,1,10000000
518,191373533985,191373536213,191373536260,0,512,1,10000000
518,191374198753,191374201430,191374201476,0,512,1,10000000
518,191374844917,191374847281,191374847329,0,512,1,10000000
518,191375447035,191375450117,191375450164,0,512,1,10000000
518,191376089483,191376092473,191376092625,0,512,1,10000000
518,191376740103,191376742013,191376742066,0,512,1,10000000
518,191377351424,191377353533,191377353585,0,512,1,10000000
518,191377961662,191377963829,191377963877,0,512,1,10000000
518,191378595981,191378598079,191378598128,0,512,1,10000000
518,191379212197,191379214316,191379214363,0,512,1,10000000
518,191379965583,191379967735,191379967782,0,512,1,10000000
518,191380576774,191380578923,191380578964,0,512,1,10000000
518,191381232538,191381234721,191381234794,0,512,1,10000000
518,191381849591,191381851686,191381851739,0,512,1,10000000
518,191382492622,191382494535,191382494588,0,512,1,10000000
518,191383071031,191383073064,191383073113,0,512,1,10000000
518,191383785530,191383788671,191383788730,0,512,1,10000000
518,191384554437,191384557243,191384557294,0,512,1,10000000
518,191385165640,191385168734,191385168785,0,512,1,10000000
518,191385633586,191385635769,191385635833,0,512,1,10000000
518,191386122546,191386124883,191386124948,0,512,1,10000000
518,191386584607,191386587433,191386587490,0,512,1,10000000
518,191387128115,191387130616,191387130664,0,512,1,10000000
518,191387613163,191387615132,191387615182,0,512,1,10000000
518,191388247944,191388250776,191388250829,0,512,1,10000000
518,191388742991,191388744958,191388745009,0,512,1,10000000
518,191389280766,191389283235,191389283275,0,512,1,10000000
518,191389813482,191389815397,191389815451,0,512,1,10000000
518,191390399781,191390402582,191390402629,0,512,1,10000000
518,191390997477,191391001597,191391001998,0,512,1,10000000
518,191391500816,191391504772,191391504819,0,512,1,10000000
518,191392024949,191392026856,191392026905,0,512,1,10000000
518,191392593253,191392596371,191392596425,0,512,1,10000000
518,191393222088,191393225636,191393225703,0,512,1,10000000
518,191393824316,191393827676,191393827732,0,512,1,10000000
518,191394431056,191394433097,191394433156,0,512,1,10000000
518,191395096481,191395099773,191395099940,0,512,1,10000000
518,191395726885,191395729505,191395729568,0,512,1,10000000
518,191396334240,191396337334,191396337383,0,512,1,10000000
518,191396819267,191396821135,191396821186,0,512,1,10000000
518,191397339405,191397342250,191397342300,0,512,1,10000000
518,191397850740,191397852826,191397852896,0,512,1,10000000
518,191398431254,191398436365,191398436420,0,512,1,10000000
518,191398995399,191398997252,191398997342,0,512,1,10000000
518,191399535424,191399538903,191399539091,0,512,1,10000000
518,191400013421,191400015624,191400015686,0,512,1,10000000
518,191400534634,191400537824,191400537978,0,512,1,10000000
518,191401129750,191401131713,191401131765,0,512,1,10000000
518,191401631233,191401634078,191401634122,0,512,1,10000000
518,191402122057,191402126700,191402126747,0,512,1,10000000
518,191402620631,191402623458,191402623513,0,512,1,10000000
518,191403074882,191403077560,191403077621,0,512,1,10000000
518,191403656206,191403659150,191403659214,0,512,1,10000000
518,191404149078,191404153494,191404153537,0,512,1,10000000
518,191404644192,191404647114,191404647164,0,512,1,10000000
518,191405220265,191405222770,191405222829,0,512,1,10000000
518,191405736843,191405738974,191405739022,0,512,1,10000000
518,191406326412,191406329193,191406329251,0,512,1,10000000
518,191406882191,191406887107,191406887157,0,512,1,10000000
518,191407445479,191407447722,191407447771,0,512,1,10000000
518,191408008584,191408011251,191408011289,0,512,1,10000000
518,191408480227,191408482230,191408482283,0,512,1,10000000
518,191409000548,191409003345,191409003392,0,512,1,10000000
518,191409612804,191409615433,191409615483,0,512,1,10000000
518,191410161164,191410163288,191410163338,0,512,1,10000000
518,191410782602,191410786328,191410786468,0,512,1,10000000
518,191411329958,191411332516,191411332565,0,512,1,10000000
518,191411808803,191411811470,191411811526,0,512,1,10000000
518,191412297924,191412300590,191412300636,0,512,1,10000000
518,191412852415,191412854598,191412854654,0,512,1,10000000
518,191413367410,191413369951,191413370006,0,512,1,10000000
518,191413821681,191413823736,191413823792,0,512,1,10000000
518,191414274991,191414277126,191414277168,0,512,1,10000000
518,191414689765,191414691910,191414691969,0,512,1,10000000
518,191415156530,191415158351,191415158395,0,512,1,10000000
518,191415564698,191415566865,191415566919,0,512,1,10000000
518,191416010989,191416012934,191416012979,0,512,1,10000000
518,191416457087,191416459378,191416459426,0,512,1,10000000
518,191417023876,191417026796,191417026838,0,512,1,10000000
518,191417524662,191417526569,191417526618,0,512,1,10000000
518,191418114280,191418116638,191418116691,0,512,1,10000000
518,191418672056,191418675415,191418675462,0,512,1,10000000
