index,begin_qpc,end_qpc,hresult,flags,successful_present,qpc_frequency
0,191025680640,191025913348,0,0,1,10000000
1,191026150243,191026170283,0,0,1,10000000
2,191026489423,191026509892,0,0,1,10000000
3,191026797589,191026806598,0,0,1,10000000
4,191026943118,191026946297,0,0,1,10000000
5,191027149190,191027164276,0,0,1,10000000
6,191027546089,191027552517,0,0,1,10000000
7,191027842762,191027860709,0,0,1,10000000
8,191028114272,191028122978,0,0,1,10000000
9,191028368931,191028380476,0,0,1,10000000
10,191028919695,191028924797,0,0,1,10000000
11,191029013531,191029017458,0,0,1,10000000
12,191029092631,191029096589,0,0,1,10000000
13,191029162752,191029165823,0,0,1,10000000
14,191029220790,191029224399,0,0,1,10000000
15,191029295277,191029299838,0,0,1,10000000
16,191029373635,191029376967,0,0,1,10000000
17,191029652276,191029656016,0,0,1,10000000
18,191030230058,191030234132,0,0,1,10000000
19,191030505908,191030509314,0,0,1,10000000
20,191034269119,191034276096,0,0,1,10000000
21,191039539078,191039543652,0,0,1,10000000
22,191041008035,191041011338,0,0,1,10000000
23,191042088912,191042091509,0,0,1,10000000
24,191043217578,191043222705,0,0,1,10000000
25,191044383164,191044386341,0,0,1,10000000
26,191045532115,191045535096,0,0,1,10000000
27,191046907633,191046910647,0,0,1,10000000
28,191048086208,191048090493,0,0,1,10000000
29,191049272030,191049275093,0,0,1,10000000
30,191050457197,191050460113,0,0,1,10000000
31,191051626264,191051629385,0,0,1,10000000
32,191052837647,191052840495,0,0,1,10000000
33,191054027578,191054030724,0,0,1,10000000
34,191055269141,191055272181,0,0,1,10000000
35,191056433620,191056436372,0,0,1,10000000
36,191057597324,191057600380,0,0,1,10000000
37,191058824391,191058827338,0,0,1,10000000
38,191059984811,191059987866,0,0,1,10000000
39,191061194770,191061197724,0,0,1,10000000
40,191062358944,191062362121,0,0,1,10000000
41,191063523717,191063527317,0,0,1,10000000
42,191064725318,191064728854,0,0,1,10000000
43,191065919154,191065922304,0,0,1,10000000
44,191067089981,191067092645,0,0,1,10000000
45,191068257390,191068260452,0,0,1,10000000
46,191069506148,191069509481,0,0,1,10000000
47,191070818141,191070821198,0,0,1,10000000
48,191072248011,191072251208,0,0,1,10000000
49,191073559280,191073565007,0,0,1,10000000
50,191075313051,191075317106,0,0,1,10000000
51,191077015207,191077020241,0,0,1,10000000
52,191078415269,191078421081,0,0,1,10000000
53,191079727698,191079731082,0,0,1,10000000
54,191080942374,191080945522,0,0,1,10000000
55,191082132896,191082136470,0,0,1,10000000
56,191083313623,191083316908,0,0,1,10000000
57,191084522262,191084525903,0,0,1,10000000
58,191085720069,191085724933,0,0,1,10000000
59,191086903229,191086908524,0,0,1,10000000
60,191088049738,191088052818,0,0,1,10000000
61,191089232022,191089235401,0,0,1,10000000
62,191090410715,191090413594,0,0,1,10000000
63,191091605670,191091609421,0,0,1,10000000
64,191092809442,191092812552,0,0,1,10000000
65,191094272957,191094276188,0,0,1,10000000
66,191095556437,191095559883,0,0,1,10000000
67,191096915745,191096919588,0,0,1,10000000
68,191098283265,191098287011,0,0,1,10000000
69,191101357493,191101363039,0,0,1,10000000
70,191102666286,191102671054,0,0,1,10000000
71,191104393742,191104398342,0,0,1,10000000
72,191105878569,191105882680,0,0,1,10000000
73,191107099140,191107102482,0,0,1,10000000
74,191108292750,191108295839,0,0,1,10000000
75,191109759510,191109762156,0,0,1,10000000
76,191110973578,191110976109,0,0,1,10000000
77,191112241369,191112245164,0,0,1,10000000
78,191113486204,191113489327,0,0,1,10000000
79,191114747302,191114750765,0,0,1,10000000
80,191115980314,191115985146,0,0,1,10000000
81,191117220774,191117223784,0,0,1,10000000
82,191118451574,191118454169,0,0,1,10000000
83,191120079910,191120085151,0,0,1,10000000
84,191121635846,191121639652,0,0,1,10000000
85,191123001625,191123004858,0,0,1,10000000
86,191124228361,191124231403,0,0,1,10000000
87,191125516141,191125519177,0,0,1,10000000
88,191126735403,191126739480,0,0,1,10000000
89,191127976393,191127980124,0,0,1,10000000
90,191129202476,191129205799,0,0,1,10000000
91,191130417665,191130421719,0,0,1,10000000
92,191132113283,191132115985,0,0,1,10000000
93,191133289365,191133292457,0,0,1,10000000
94,191134480252,191134483357,0,0,1,10000000
95,191135698666,191135702282,0,0,1,10000000
96,191137300662,191137305562,0,0,1,10000000
97,191138656999,191138660941,0,0,1,10000000
98,191139894459,191139897349,0,0,1,10000000
99,191141525914,191141531841,0,0,1,10000000
100,191143088818,191143092029,0,0,1,10000000
