"file","sha256"
"frame000.png","0f776d2e99c9dd247bc5eef3b170d7d14983c94b1971c330b38e7bf17bc2d1bf"
"frame001.png","0f776d2e99c9dd247bc5eef3b170d7d14983c94b1971c330b38e7bf17bc2d1bf"
"frame002.png","0f776d2e99c9dd247bc5eef3b170d7d14983c94b1971c330b38e7bf17bc2d1bf"
"frame003.png","0f776d2e99c9dd247bc5eef3b170d7d14983c94b1971c330b38e7bf17bc2d1bf"
"frame004.png","0f776d2e99c9dd247bc5eef3b170d7d14983c94b1971c330b38e7bf17bc2d1bf"
"frame005.png","0f776d2e99c9dd247bc5eef3b170d7d14983c94b1971c330b38e7bf17bc2d1bf"
"frame006.png","0f776d2e99c9dd247bc5eef3b170d7d14983c94b1971c330b38e7bf17bc2d1bf"
"frame007.png","0f776d2e99c9dd247bc5eef3b170d7d14983c94b1971c330b38e7bf17bc2d1bf"
"frame008.png","0f776d2e99c9dd247bc5eef3b170d7d14983c94b1971c330b38e7bf17bc2d1bf"
"frame009.png","0f776d2e99c9dd247bc5eef3b170d7d14983c94b1971c330b38e7bf17bc2d1bf"
"frame010.png","0f776d2e99c9dd247bc5eef3b170d7d14983c94b1971c330b38e7bf17bc2d1bf"
"frame011.png","0f776d2e99c9dd247bc5eef3b170d7d14983c94b1971c330b38e7bf17bc2d1bf"
"frame012.png","0f776d2e99c9dd247bc5eef3b170d7d14983c94b1971c330b38e7bf17bc2d1bf"
"frame013.png","0f776d2e99c9dd247bc5eef3b170d7d14983c94b1971c330b38e7bf17bc2d1bf"
"frame014.png","0f776d2e99c9dd247bc5eef3b170d7d14983c94b1971c330b38e7bf17bc2d1bf"
"frame015.png","0f776d2e99c9dd247bc5eef3b170d7d14983c94b1971c330b38e7bf17bc2d1bf"
"frame016.png","0f776d2e99c9dd247bc5eef3b170d7d14983c94b1971c330b38e7bf17bc2d1bf"
"frame017.png","0f776d2e99c9dd247bc5eef3b170d7d14983c94b1971c330b38e7bf17bc2d1bf"
"frame018.png","0f776d2e99c9dd247bc5eef3b170d7d14983c94b1971c330b38e7bf17bc2d1bf"
"frame019.png","0f776d2e99c9dd247bc5eef3b170d7d14983c94b1971c330b38e7bf17bc2d1bf"
"frame020.png","0f776d2e99c9dd247bc5eef3b170d7d14983c94b1971c330b38e7bf17bc2d1bf"
"frame021.png","0f776d2e99c9dd247bc5eef3b170d7d14983c94b1971c330b38e7bf17bc2d1bf"
"frame022.png","0f776d2e99c9dd247bc5eef3b170d7d14983c94b1971c330b38e7bf17bc2d1bf"
"frame023.png","0f776d2e99c9dd247bc5eef3b170d7d14983c94b1971c330b38e7bf17bc2d1bf"
"frame024.png","0f776d2e99c9dd247bc5eef3b170d7d14983c94b1971c330b38e7bf17bc2d1bf"
"frame025.png","0f776d2e99c9dd247bc5eef3b170d7d14983c94b1971c330b38e7bf17bc2d1bf"
"frame026.png","0f776d2e99c9dd247bc5eef3b170d7d14983c94b1971c330b38e7bf17bc2d1bf"
"frame027.png","0f776d2e99c9dd247bc5eef3b170d7d14983c94b1971c330b38e7bf17bc2d1bf"
"frame028.png","0f776d2e99c9dd247bc5eef3b170d7d14983c94b1971c330b38e7bf17bc2d1bf"
"frame029.png","0f776d2e99c9dd247bc5eef3b170d7d14983c94b1971c330b38e7bf17bc2d1bf"
